{"cameraMode":{"drawMode":0,"name":"Shaded","section":"Shading Mode"},"sceneLighting":true,"audioPlay":false,"sceneViewState":{"showFog":true,"showMaterialUpdate":false,"showSkybox":true,"showFlares":true,"showImageEffects":true,"showParticleSystems":true},"in2DMode":false,"pivot":{"x":0.001367395743727684,"y":-1.109932541847229,"z":-3.3341064453125},"rotation":{"x":0.14824597537517548,"y":-0.8441835641860962,"z":0.29748469591140749,"w":0.4206527769565582},"size":10.0,"orthographic":false}